"","TractID","Year","TotalFilings","TotalHousehold2019","EvictionRate","PovertyRate","EducationRate","UninsurRate","MinorityRate","RenterRate","UnempRate","RentBurdenRate"
"1",13063040202,"20",156,904,0.172566371681416,0.152,0.0974822466107166,0.251,0.046133421838699,0.610798650168729,0.031,0.677716390423573
"2",13063040203,"20",233,1569,0.148502230720204,0.085,0.288017588860388,0.217,0.0182912154031287,0.602065613608748,0.095,0.515640766902119
"3",13063040204,"20",335,1904,0.175945378151261,0.17,0.239287869643935,0.21,0.0243126987095568,0.744877049180328,0.046,0.475928473177442
"4",13063040302,"20",218,1951,0.111737570476679,0.247,0.0620829706991587,0.296,0.1504,0.686934673366834,0.083,0.455010972933431
"5",13063040306,"20",495,1369,0.361577794010226,0.261,0.113960113960114,0.194,0.0557206537890045,0.955439056356488,0.05,0.641289437585734
"6",13063040307,"20",32,1463,0.0218728639781271,0.145,0.145559845559846,0.307,0.175367869381173,0.384390955506929,0.092,0.518026565464896
"7",13063040308,"20",158,1655,0.0954682779456193,0.254,0.0432252701579385,0.201,0.18349806617963,0.647201946472019,0.033,0.679511278195489
"8",13063040407,"20",70,1250,0.056,0.093,0.177021276595745,0.127,0.128744939271255,0.384497313891021,0.021,0.281437125748503
"9",13063040409,"20",211,1864,0.113197424892704,0.104,0.110402781802376,0.153,0.104597148806663,0.361025641025641,0.084,0.431818181818182
"10",13063040410,"20",113,2346,0.0481670929241262,0.112,0.115208333333333,0.14,0.0907592850804918,0.348116860260472,0.064,0.651162790697674
"11",13063040414,"20",44,592,0.0743243243243243,0.221,0.144288577154309,0.196,0.16030174446016,0.659649122807018,0.056,0.311170212765957
"12",13063040416,"20",82,1090,0.0752293577981651,0.199,0.131519274376417,0.251,0.154684095860566,0.41585233441911,0.069,0.31331592689295
"13",13063040417,"20",361,1957,0.184466019417476,0.223,0.08110300081103,0.267,0.0662417921977597,0.912694667295894,0.115,0.581178903826267
"14",13063040509,"20",51,1626,0.0313653136531365,0.178,0.192748091603053,0.143,0.0497554752285775,0.286133960047004,0.067,0.468172484599589
"15",13063040510,"20",230,1270,0.181102362204724,0.273,0.101042790363179,0.194,0.0604312177345885,0.495720868992758,0.088,0.561752988047809
"16",13063040512,"20",276,2005,0.137655860349127,0.209,0.215890043580288,0.147,0.0438714643063306,0.493548387096774,0.047,0.623093681917211
"17",13063040513,"20",38,1620,0.0234567901234568,0.145,0.127544529262087,0.138,0.0759447004608295,0.323529411764706,0.046,0.53516295025729
"18",13063040518,"20",200,1697,0.117855038302887,0.228,0.152667256115532,0.217,0.074354809601155,0.617751479289941,0.123,0.564176245210728
"19",13063040519,"20",675,2369,0.284930350358801,0.324,0.101946552292973,0.192,0.0174811283273738,1,0.092,0.580122591943958
"20",13063040521,"20",50,1082,0.0462107208872458,0.301,0.0690909090909091,0.201,0.093121057374587,0.529577464788732,0.068,0.579787234042553
"21",13063040522,"20",339,1807,0.187603763143331,0.21,0.103260869565217,0.185,0.0722846441947566,0.651497005988024,0.078,0.578125
"22",13063040523,"20",76,1092,0.0695970695970696,0.13,0.123417721518987,0.222,0.0679571663920923,0.600393700787402,0.02,0.573770491803279
"23",13063040525,"20",50,1046,0.0478011472275335,0.185,0.251336898395722,0.21,0.066397034041119,0.362135922330097,0.101,0.544235924932976
"24",13063040606,"20",70,1002,0.0698602794411178,0.127,0.107913669064748,0.164,0.236457161228098,0.204275534441805,0.033,0.581395348837209
"25",13063040609,"20",187,2161,0.0865340120314669,0.039,0.19131455399061,0.173,0.135661611242521,0.415076779897627,0.041,0.389013452914798
"26",13063040614,"20",14,1794,0.00780379041248606,0.014,0.357702349869452,0.096,0.36647419704078,0.142137096774194,0.052,0.695035460992908
"27",13063040615,"20",20,629,0.0317965023847377,0.084,0.245088868101029,0.116,0.119512195121951,0.33112582781457,0.057,0.51
"28",13063040617,"20",130,354,0.367231638418079,0.255,0.0528169014084507,0.274,0.242058449809403,0.448795180722892,0.03,0.476510067114094
"29",13067030104,"20",28,1512,0.0185185185185185,0.216,0.162576687116564,0.071,0.596814335490294,0.521596858638743,0.076,0.485570890840652
"30",13067030107,"20",16,1692,0.00945626477541371,0.019,0.443965517241379,0.089,0.518734226363813,0.0995415848068107,0.043,0.361842105263158
"31",13067030220,"20",5,581,0.00860585197934595,0.102,0.400218102508179,0.07,0.610644257703081,0.103918228279387,0.094,0.262295081967213
"32",13067030233,"20",13,1565,0.00830670926517572,0.032,0.478405315614618,0.051,0.578958645811013,0.0512048192771084,0.04,0.317647058823529
"33",13067030235,"20",5,1653,0.00302480338777979,0.042,0.501798561151079,0.069,0.710264266564535,0.0522193211488251,0.046,0.2375
"34",13067030236,"20",10,1474,0.0067842605156038,0.04,0.628730600875448,0.021,0.78747553816047,0.0322812051649928,0.041,0.888888888888889
"35",13067030319,"20",7,1762,0.0039727582292849,0.077,0.721038357225881,0.039,0.68171368861024,0.0931174089068826,0.036,0.254658385093168
"36",13067030322,"20",5,1194,0.00418760469011725,0.009,0.629202689721422,0.032,0.749448732083793,0.0822942643391521,0.023,0.404040404040404
"37",13067030324,"20",4,1225,0.00326530612244898,0.017,0.395791980944819,0.079,0.7,0.106598984771574,0.069,0.27891156462585
"38",13067030326,"20",1,1449,0.000690131124913734,0.026,0.658547008547009,0.048,0.752252252252252,0.0322118826055834,0.032,0.666666666666667
"39",13067030327,"20",7,1679,0.00416914830256105,0.12,0.551816958277254,0.075,0.717340133385642,0.162026726057906,0.105,0.120274914089347
"40",13067030329,"20",7,1669,0.00419412822049131,0.006,0.55134006265228,0.062,0.69795832456325,0.141604010025063,0.04,0.398230088495575
"41",13067030331,"20",1,1983,0.000504286434694907,0.021,0.718915343915344,0.038,0.753483901970207,0.0238215914850482,0.052,0.170212765957447
"42",13067030334,"20",3,1258,0.00238473767885533,0.067,0.761553918285332,0.039,0.761864644762707,0.0897887323943662,0.066,0.519607843137255
"43",13067030335,"20",1,1740,0.000574712643678161,0.032,0.78998778998779,0.017,0.794035932580107,0.0731414868105516,0.007,0.418032786885246
"44",13067030337,"20",3,1587,0.00189035916824197,0.027,0.785299003322259,0.006,0.790815294355654,0.0262130507529281,0.039,0.425531914893617
"45",13067030340,"20",2,1246,0.00160513643659711,0.007,0.650967199327166,0.018,0.791404875596884,0.0437956204379562,0.05,0.6
"46",13067030341,"20",6,1544,0.0038860103626943,0.02,0.658163265306122,0.043,0.681361492720935,0.0841902313624679,0.033,0.0763358778625954
"47",13067030342,"20",5,1686,0.0029655990510083,0.029,0.651172190784155,0.034,0.794902429311031,0.0931989924433249,0.045,0.202702702702703
"48",13067030343,"20",1,1536,0.000651041666666667,0.018,0.723193665456945,0.035,0.81973203410475,0.0169204737732657,0.03,0
"49",13067030344,"20",196,2006,0.0977068793619143,0.068,0.383257229832572,0.154,0.256618044300378,0.904055390702275,0.048,0.50109409190372
"50",13067030345,"20",477,2770,0.172202166064982,0.067,0.536092985318108,0.171,0.377033226748227,0.85636769869135,0.065,0.329481923220276
"51",13067030405,"20",430,2961,0.145221209050996,0.165,0.374970428199669,0.211,0.384939195509822,0.640963855421687,0.039,0.479591836734694
"52",13067030407,"20",9,1968,0.00457317073170732,0.085,0.537187594098163,0.14,0.667593328038125,0.287248322147651,0.046,0.32398753894081
"53",13067030408,"20",20,1343,0.0148920327624721,0.055,0.626387176325524,0.119,0.473840345199569,0.352693602693603,0.027,0.362768496420048
"54",13067030409,"20",4,1195,0.00334728033472803,0.031,0.727921009325288,0.032,0.660098522167488,0.0546047269763651,0.056,0.761194029850746
"55",13067030410,"20",100,2112,0.0473484848484848,0.078,0.538509902546369,0.063,0.595815408682049,0.532424812030075,0.036,0.477493380406002
"56",13067030411,"20",234,870,0.268965517241379,0.155,0.259185036740147,0.307,0.165299956840742,0.904942965779468,0.109,0.494397759103641
"57",13067030412,"20",142,1935,0.0733850129198966,0.249,0.306058221872541,0.293,0.240242844752819,0.800893743793446,0.044,0.427154370737756
"58",13067030413,"20",381,2545,0.149705304518664,0.26,0.411132024737833,0.332,0.222606689734717,0.884664673216574,0.024,0.465475615644616
"59",13067030414,"20",342,1461,0.234086242299795,0.271,0.202247191011236,0.315,0.192158036516013,1,0.04,0.573495811119573
"60",13067030505,"20",227,3012,0.0753652058432935,0.181,0.295588582212786,0.117,0.367661212704524,0.807488653555219,0.048,0.449180327868852
"61",13067030506,"20",162,1879,0.086216072378925,0.217,0.30766598220397,0.202,0.524614726027397,0.574781659388646,0.127,0.533713200379867
"62",13067030507,"20",11,1942,0.00566426364572606,0.057,0.405192160855179,0.117,0.627641347801256,0.0897994768962511,0.04,0.558252427184466
"63",13067030602,"20",22,3117,0.00705806865575874,0.064,0.685790884718499,0.029,0.797663303239511,0.278698979591837,0.017,0.464530892448513
"64",13067030700,"20",41,1885,0.0217506631299735,0.252,0.326171875,0.145,0.433164128595601,0.542596348884381,0.055,0.557943925233645
"65",13067030800,"20",40,1510,0.0264900662251656,0.18,0.176395615600306,0.295,0.499732953533915,0.607142857142857,0.066,0.361820199778024
"66",13067031001,"20",117,1887,0.0620031796502385,0.282,0.109659781287971,0.312,0.26862344417611,0.632337246531483,0.036,0.556962025316456
"67",13067031004,"20",234,3001,0.0779740086637787,0.152,0.137459807073955,0.259,0.225806451612903,0.662566489361702,0.041,0.479177119919719
"68",13067031005,"20",31,1637,0.0189370800244349,0.09,0.232326378075366,0.311,0.273975076756366,0.266505148394912,0.054,0.340909090909091
"69",13067031101,"20",183,2107,0.0868533459895586,0.254,0.291471215351812,0.293,0.398613826195131,0.614716825134353,0.034,0.550100874243443
"70",13067031110,"20",62,1368,0.0453216374269006,0.055,0.500507099391481,0.14,0.640394088669951,0.347076461769115,0.031,0.382289416846652
"71",13067031111,"20",42,1959,0.0214395099540582,0.038,0.477011494252874,0.141,0.524709302325581,0.305421363392378,0.031,0.224956063268893
"72",13067031112,"20",66,2378,0.0277544154751892,0.022,0.705671028996664,0.002,0.576609404823876,0.390618681763041,0.017,0.415113871635611
"73",13067031113,"20",117,744,0.157258064516129,0.19,0.443462897526502,0.22,0.232808022922636,0.860992907801418,0.047,0.507413509060956
"74",13067031114,"20",209,3692,0.0566088840736728,0.136,0.43521411505238,0.2,0.278343023255814,0.82979302832244,0.06,0.383327863472268
"75",13067031115,"20",32,1720,0.0186046511627907,0.079,0.38728565453785,0.16,0.428848223896663,0.256764882742032,0.033,0.501170960187354
"76",13067031116,"20",165,1761,0.0936967632027257,0.105,0.306611853374443,0.239,0.347187237615449,0.406001224739743,0.064,0.447963800904977
"77",13067031117,"20",74,2238,0.033065236818588,0.033,0.521459854014598,0.084,0.626954840976981,0.170924291686019,0.044,0.432065217391304
"78",13067031118,"20",69,2412,0.0286069651741294,0.031,0.542242210086733,0.077,0.574169864842316,0.327615780445969,0.03,0.463350785340314
"79",13067031207,"20",176,2690,0.0654275092936803,0.012,0.630188679245283,0.049,0.487649556155924,0.737162162162162,0.026,0.264894592117324
"80",13067031209,"20",7,1823,0.00383982446516731,0.08,0.74750601995184,0.044,0.659037931765204,0.10622914349277,0.013,0.418848167539267
"81",13067031212,"20",4,1012,0.00395256916996047,0.016,0.845039826212889,0.016,0.895765472312704,0.0943043884220355,0.027,0.0594059405940594
"82",13067031306,"20",28,1548,0.0180878552971576,0.086,0.256295274232494,0.18,0.301963601532567,0.480207657365347,0.088,0.378378378378378
"83",13067031308,"20",67,1827,0.036672140120416,0.041,0.259138617444806,0.239,0.23850955173066,0.33855421686747,0.086,0.371886120996441
"84",13067031409,"20",61,2313,0.0263726761781236,0.082,0.279490806223479,0.124,0.246376811594203,0.206113941639648,0.077,0.530337078651685
"85",13067031506,"20",18,1986,0.00906344410876133,0.145,0.311909262759924,0.106,0.349023535302954,0.247112004018081,0.072,0.483739837398374
"86",13067031507,"20",41,1139,0.0359964881474978,0.092,0.254614292475154,0.079,0.197802197802198,0.289841565703635,0.068,0.607717041800643
"87",13089020100,"20",10,737,0.0135685210312076,0.041,0.818815331010453,0.077,0.769158878504673,0.256661991584853,0.065,0.377049180327869
"88",13089020200,"20",4,983,0.00406917599186165,0.099,0.836978131212724,0.031,0.799727520435967,0.417840375586854,0.052,0.215730337078652
"89",13089020300,"20",4,1675,0.00238805970149254,0.042,0.653208363374189,0.042,0.826313181367691,0.162398500936914,0.077,0.161538461538462
"90",13089020400,"20",3,1245,0.00240963855421687,0.03,0.768409818569904,0.007,0.807045009784736,0.260869565217391,0.035,0.314465408805031
"91",13089020500,"20",33,1513,0.0218109715796431,0.091,0.587780355761794,0.138,0.550236406619385,0.418590522478736,0.039,0.364296081277213
"92",13089020600,"20",45,963,0.0467289719626168,0.221,0.564621409921671,0.139,0.415054519873373,0.421052631578947,0.124,0.557291666666667
"93",13089020700,"20",22,1058,0.0207939508506616,0.148,0.590787359400107,0.121,0.595820189274448,0.532066508313539,0.169,0.672619047619048
"94",13089020801,"20",2,1046,0.00191204588910134,0.04,0.694958847736626,0.03,0.643471754582866,0.160204081632653,0.089,0.388535031847134
"95",13089020802,"20",24,1736,0.0138248847926267,0.119,0.525085910652921,0.065,0.451964032181732,0.235706580366775,0.025,0.281464530892448
"96",13089021101,"20",2,1468,0.00136239782016349,0.048,0.868734069668649,0.038,0.771428571428571,0.0765957446808511,0.022,0.592592592592593
"97",13089021204,"20",16,780,0.0205128205128205,0.407,0.0677083333333333,0.565,0.0994054696789536,0.989487516425756,0.019,0.682602921646746
"98",13089021208,"20",48,1942,0.0247167868177137,0.101,0.684160905091138,0.084,0.563347896068062,0.388838883888389,0.031,0.447916666666667
"99",13089021210,"20",10,1987,0.00503271263210871,0.012,0.799685163321527,0.011,0.803077426747422,0.0478260869565217,0.023,0
"100",13089021211,"20",2,2044,0.000978473581213307,0.03,0.668220338983051,0.023,0.773739023892179,0.0419906687402799,0.021,0.580246913580247
"101",13089021213,"20",1,1205,0.000829875518672199,0.004,0.846733668341708,0.022,0.869368092944177,0.00836820083682008,0.026,0
"102",13089021217,"20",22,950,0.0231578947368421,0.04,0.690670006261741,0.119,0.547945205479452,0.318658280922432,0.049,0.450657894736842
"103",13089021301,"20",180,1720,0.104651162790698,0.316,0.355485646873771,0.306,0.252133625944892,0.842717258261934,0.044,0.577342047930283
"104",13089021305,"20",154,1492,0.103217158176944,0.258,0.286050420168067,0.283,0.260043431053203,0.667534157449577,0.044,0.507797270955166
"105",13089021306,"20",145,1941,0.074703760947965,0.182,0.401027500755515,0.323,0.217577353522054,0.535749751737835,0.015,0.556997219647822
"106",13089021307,"20",82,1245,0.065863453815261,0.219,0.317764471057884,0.322,0.275373323209314,0.412322274881517,0.042,0.5
"107",13089021308,"20",39,1523,0.025607353906763,0.199,0.278514588859416,0.265,0.261415525114155,0.553558590941769,0.09,0.407792207792208
"108",13089021405,"20",14,2281,0.00613765892152565,0.047,0.790008713331397,0.042,0.763790664780764,0.267580716497125,0.009,0.262809917355372
"109",13089021409,"20",65,1339,0.0485436893203883,0.258,0.297324754486962,0.306,0.183314087759815,0.959459459459459,0.009,0.380281690140845
"110",13089021410,"20",78,2062,0.037827352085354,0.172,0.387975460122699,0.351,0.324750192159877,0.590740740740741,0.025,0.528213166144201
"111",13089021411,"20",30,1788,0.0167785234899329,0.055,0.736431690580162,0.044,0.795116772823779,0.561349693251534,0.026,0.318761384335155
"112",13089021412,"20",7,1405,0.00498220640569395,0.047,0.79946284691137,0.033,0.750617283950617,0.162103746397695,0.025,0.24
"113",13089021415,"20",53,1703,0.0311215502055197,0.057,0.701558265582656,0.102,0.591137724550898,0.526575342465753,0.016,0.272632674297607
"114",13089021416,"20",25,855,0.0292397660818713,0.047,0.59496704613541,0.288,0.49297629499561,0.336293007769145,0.037,0.531353135313531
"115",13089021417,"20",111,2151,0.0516039051603905,0.245,0.406495263870095,0.333,0.265429234338747,0.862819299905393,0.041,0.509868421052632
"116",13089021502,"20",88,2418,0.0363937138130687,0.093,0.716811507341924,0.085,0.592404143194621,0.615623612960497,0.062,0.325162220620043
"117",13089021503,"20",198,1516,0.130606860158311,0.179,0.582173913043478,0.094,0.593779015784587,0.560792349726776,0.026,0.633373934226553
"118",13089021602,"20",5,1858,0.00269106566200215,0.034,0.73876698014629,0.028,0.752109959006511,0.301771871539313,0.008,0.515596330275229
"119",13089021604,"20",2,1261,0.00158604282315623,0.017,0.820383451059536,0.026,0.762058823529412,0.0513186029935852,0.023,0
"120",13089021703,"20",2,1764,0.00113378684807256,0.037,0.700395952485702,0.036,0.78961522548614,0.0804195804195804,0.032,0.492753623188406
"121",13089021808,"20",90,1634,0.0550795593635251,0.109,0.523303352412101,0.102,0.507989741566384,0.292278238672623,0.038,0.491266375545852
"122",13089021812,"20",31,858,0.0361305361305361,0.116,0.512014787430684,0.133,0.427937020589423,0.282364933741081,0.026,0.610108303249097
"123",13089021813,"20",236,1180,0.2,0.205,0.272251308900524,0.262,0.136773727896066,1,0.072,0.48654037886341
"124",13089021906,"20",205,1875,0.109333333333333,0.142,0.153179190751445,0.126,0.11407249466951,0.436898395721925,0.078,0.482252141982864
"125",13089021908,"20",228,2022,0.112759643916914,0.18,0.157465495608532,0.136,0.0683791606367583,0.659979939819458,0.065,0.473404255319149
"126",13089021910,"20",142,2199,0.064574806730332,0.168,0.253330271015158,0.12,0.11778804999144,0.464485578992682,0.063,0.626506024096386
"127",13089021911,"20",383,777,0.492921492921493,0.477,0.21312462372065,0.255,0.0289672544080605,0.914666666666667,0.068,0.722060252672498
"128",13089021912,"20",3,1447,0.00207325501036628,0.061,0.687802516940949,0.068,0.516191530584002,0.0308039068369647,0.064,0.658536585365854
"129",13089021913,"20",622,1977,0.314618108244815,0.336,0.232820512820513,0.242,0.0535640708693861,0.96417445482866,0.075,0.532040926225094
"130",13089022001,"20",43,1968,0.021849593495935,0.067,0.437766714082504,0.122,0.577335375191424,0.385326086956522,0.036,0.513399153737659
"131",13089022005,"20",143,1751,0.0816676185037122,0.239,0.236614853195164,0.193,0.11452347929463,0.671019900497512,0.03,0.551436515291937
"132",13089022007,"20",108,1104,0.0978260869565217,0.347,0.184081814139618,0.338,0.0893703452945159,0.938962360122075,0.136,0.543878656554713
"133",13089022010,"20",1,652,0.00153374233128834,0.133,0.214869888475836,0.232,0.198390342052314,0.355095541401274,0.063,0.569506726457399
"134",13089022100,"20",79,1475,0.0535593220338983,0.235,0.384071630537229,0.147,0.22389846743295,0.556118754525706,0.058,0.463541666666667
"135",13089022203,"20",83,1170,0.0709401709401709,0.152,0.517498565691337,0.15,0.44394250513347,0.809954751131222,0.114,0.375418994413408
"136",13089022302,"20",19,2052,0.00925925925925926,0.106,0.700671704450042,0.019,0.642794182459233,0.425057208237986,0.006,0.48721399730821
"137",13089022401,"20",16,1847,0.00866269626421224,0.105,0.818544005795002,0.021,0.779012894619831,0.373474801061008,0.034,0.522727272727273
"138",13089022403,"20",1,1450,0.000689655172413793,0.027,0.731552162849873,0.016,0.831512503034717,0.0636896046852123,0,0.160919540229885
"139",13089022700,"20",7,1730,0.00404624277456647,0.044,0.732927220262905,0.043,0.687004608294931,0.190781796966161,0.055,0.458715596330275
"140",13089022800,"20",3,1308,0.00229357798165138,0.049,0.688907777305567,0.021,0.675122178263905,0.229910714285714,0.048,0.310679611650485
"141",13089022900,"20",37,1678,0.0220500595947557,0.044,0.693439363817097,0.054,0.61949823943662,0.173043974871502,0.023,0.429042904290429
"142",13089023000,"20",5,973,0.00513874614594039,0.036,0.755389718076285,0.011,0.802016498625115,0.295065458207452,0.014,0.42320819112628
"143",13089023101,"20",69,1721,0.0400929692039512,0.12,0.334239951647023,0.165,0.283812193412754,0.391454965357968,0.112,0.529498525073746
"144",13089023102,"20",134,1539,0.0870695256660169,0.111,0.361456892577225,0.098,0.404074186682882,0.515442690459849,0.046,0.649800266311585
"145",13089023107,"20",111,1661,0.0668272125225768,0.145,0.240250183958793,0.208,0.246095493083445,0.434260429835651,0.078,0.53566229985444
"146",13089023108,"20",154,1843,0.0835594139989148,0.284,0.203396524486572,0.207,0.0871528561752088,0.643786982248521,0.145,0.565257352941177
"147",13089023111,"20",11,675,0.0162962962962963,0.159,0.266977363515313,0.153,0.0812834224598931,0.346308724832215,0.245,0.705426356589147
"148",13089023112,"20",249,2072,0.120173745173745,0.252,0.234965034965035,0.215,0.0623563218390805,0.880794701986755,0.124,0.51417004048583
"149",13089023113,"20",54,1273,0.0424194815396701,0.355,0.482187656798796,0.123,0.406700167504188,0.735460992907801,0.068,0.642237222757956
"150",13089023114,"20",44,840,0.0523809523809524,0.3,0.299219071105631,0.172,0.14246947082768,0.31444099378882,0.216,0.696296296296296
"151",13089023209,"20",82,1849,0.0443482963764197,0.156,0.322203196347032,0.106,0.053744177714081,0.220982142857143,0.093,0.376262626262626
"152",13089023211,"20",197,1379,0.142857142857143,0.106,0.293964394268346,0.148,0.0282791817087846,0.469135802469136,0.052,0.608359133126935
"153",13089023212,"20",99,1369,0.0723155588020453,0.088,0.16420233463035,0.153,0.0345193839617631,0.400793650793651,0.059,0.336633663366337
"154",13089023213,"20",95,2311,0.0411077455646906,0.26,0.196524064171123,0.161,0.0305874174487313,0.551895306859206,0.082,0.689288634505315
"155",13089023214,"20",792,2396,0.330550918196995,0.122,0.254716981132075,0.102,0.0191274106860575,0.628700451580532,0.125,0.509976057462091
"156",13089023311,"20",24,1546,0.0155239327296248,0.158,0.255764563106796,0.146,0.0513953488372093,0.274857142857143,0.108,0.413721413721414
"157",13089023313,"20",71,1647,0.0431086824529447,0.081,0.234256926952141,0.143,0.0194607743766471,0.330418488444722,0.118,0.45179584120983
"158",13089023315,"20",37,2014,0.0183714001986097,0.048,0.288967199783139,0.087,0.0638816892819027,0.135552339604438,0.045,0.501779359430605
"159",13089023410,"20",378,1701,0.222222222222222,0.226,0.177862272919307,0.212,0.0186952288218111,0.777493606138107,0.076,0.509046052631579
"160",13089023411,"20",90,1480,0.0608108108108108,0.141,0.171986660314435,0.122,0.0495331950207469,0.389391979301423,0.12,0.508305647840532
"161",13089023413,"20",36,1327,0.027128862094951,0.038,0.286214442013129,0.103,0.0479609419873636,0.106194690265487,0.117,0.243055555555556
"162",13089023422,"20",93,1884,0.0493630573248408,0.197,0.23083356565375,0.117,0.0190114068441065,0.339295695919508,0.114,0.487644151565074
"163",13089023424,"20",37,1755,0.0210826210826211,0.189,0.311073825503356,0.141,0.0277674245247856,0.2193968066233,0.093,0.471698113207547
"164",13089023425,"20",189,1977,0.0955993930197269,0.109,0.29893819765859,0.074,0.0262129599478997,0.209865053513262,0.152,0.434589800443459
"165",13089023426,"20",33,1615,0.0204334365325077,0.104,0.327487352445194,0.098,0.0182450043440486,0.239384615384615,0.162,0.825192802056555
"166",13089023427,"20",23,969,0.0237358101135191,0.176,0.286790266512167,0.209,0.0325755005089922,0.207792207792208,0.074,0.661458333333333
"167",13089023501,"20",176,1290,0.136434108527132,0.17,0.215866388308977,0.229,0.132249156182878,0.517196625567813,0.227,0.521957340025094
"168",13089023504,"20",140,1304,0.107361963190184,0.188,0.286204922724671,0.117,0.0633024783517467,0.653846153846154,0.073,0.516206482593037
"169",13089023505,"20",41,1093,0.0375114364135407,0.198,0.280973451327434,0.163,0.0886943281309478,0.339787028073572,0.166,0.703703703703704
"170",13089023506,"20",205,2099,0.097665555026203,0.253,0.235525281634792,0.184,0.0701782820097244,0.291801760074108,0.077,0.895238095238095
"171",13089023507,"20",123,1522,0.0808147174770039,0.23,0.169199178644764,0.123,0.0475432211101001,0.329094988780853,0.078,0.55
"172",13089023601,"20",17,1171,0.0145175064047822,0.165,0.416415208207604,0.168,0.356313497822932,0.336879432624113,0.082,0.284210526315789
"173",13089023602,"20",57,822,0.0693430656934307,0.222,0.225233644859813,0.185,0.20578231292517,0.352112676056338,0.077,0.504
"174",13089023603,"20",114,1456,0.0782967032967033,0.209,0.223733583489681,0.1,0.0958697618329816,0.51417004048583,0.171,0.670603674540682
"175",13089023801,"20",57,1749,0.032590051457976,0.104,0.483408071748879,0.085,0.342572062084257,0.192530247238296,0.075,0.292349726775956
"176",13089023802,"20",47,1356,0.0346607669616519,0.175,0.325795053003534,0.117,0.235846724351051,0.583038869257951,0.086,0.535757575757576
"177",13089023803,"20",51,2035,0.0250614250614251,0.2,0.292227204783259,0.14,0.197273456295108,0.338815789473684,0.026,0.601941747572815
"178",13121000100,"20",67,2084,0.0321497120921305,0.078,0.737841352405722,0.119,0.811058284909315,0.280340349305867,0.036,0.445686900958466
"179",13121000400,"20",5,1019,0.00490677134445535,0.04,0.698697068403909,0.047,0.804289544235925,0.351976856316297,0.047,0.26027397260274
"180",13121000700,"20",43,347,0.123919308357349,0.183,0.165678524374177,0.12,0.226,0.403269754768392,0.074,0.587837837837838
"181",13121001001,"20",134,1020,0.131372549019608,0.151,0.615697889670492,0.063,0.576710929519918,0.614814814814815,0.001,0.453012048192771
"182",13121001002,"20",25,516,0.0484496124031008,0.344,0.135773004508088,0.041,0.688017118402283,0.975609756097561,0.093,0.570833333333333
"183",13121001400,"20",8,1408,0.00568181818181818,0.063,0.787011557512383,0.046,0.806709265175719,0.52112676056338,0.017,0.32972972972973
"184",13121001600,"20",13,1294,0.0100463678516229,0.04,0.81340206185567,0.014,0.773577235772358,0.683703703703704,0.004,0.245937161430119
"185",13121002100,"20",143,885,0.161581920903955,0.308,0.413032324268856,0.22,0.276080920269734,0.523580365736285,0.095,0.4375
"186",13121002300,"20",46,525,0.0876190476190476,0.316,0.145658263305322,0.095,0.0277551020408163,0.770134228187919,0.079,0.383442265795207
"187",13121002400,"20",80,986,0.0811359026369168,0.328,0.245701608430394,0.296,0.0646964856230032,0.629059829059829,0.21,0.710597826086957
"188",13121002500,"20",91,1050,0.0866666666666667,0.435,0.205065757428154,0.217,0.0263968323801144,0.85589519650655,0.126,0.610204081632653
"189",13121002600,"20",24,584,0.0410958904109589,0.478,0.151394422310757,0.133,0.0667853962600178,0.868231046931408,0.133,0.719334719334719
"190",13121002900,"20",49,1248,0.0392628205128205,0.133,0.617170626349892,0.034,0.590285938112025,0.621035058430718,0.02,0.485215053763441
"191",13121003000,"20",26,1837,0.0141535111594992,0.04,0.818424566088118,0.032,0.785362247412518,0.475832438238453,0.009,0.293453724604966
"192",13121003100,"20",32,931,0.0343716433941998,0.113,0.512794781736076,0.131,0.605777777777778,0.644284572342126,0.054,0.326302729528536
"193",13121003200,"20",7,1277,0.00548159749412686,0.024,0.777315296566077,0.06,0.715169002473207,0.356420233463035,0.031,0.194323144104804
"194",13121003500,"20",114,714,0.159663865546218,0.388,0.413410301953819,0.251,0.356740253640207,0.783078307830783,0.113,0.72183908045977
"195",13121003600,"20",55,858,0.0641025641025641,0.193,0.622489959839357,0.131,0.111973392461197,0.528555431131019,0.038,0.391949152542373
"196",13121003800,"20",52,230,0.226086956521739,0.331,0.0469441984056687,0.079,0.0104166666666666,0.934959349593496,0.105,0.521739130434783
"197",13121003900,"20",67,756,0.0886243386243386,0.332,0.209447415329768,0.127,0.0444191343963554,0.631410256410256,0.064,0.588832487309645
"198",13121004000,"20",40,1010,0.0396039603960396,0.33,0.247272727272727,0.153,0.0989247311827957,0.569735642661805,0.142,0.584
"199",13121004100,"20",41,741,0.0553306342780027,0.141,0.335106382978723,0.089,0.153412006157004,0.370417193426043,0.178,0.491467576791809
"200",13121004200,"20",61,1456,0.0418956043956044,0.363,0.276826484018265,0.117,0.0642652476463365,0.772789115646259,0.108,0.451584507042254
"201",13121004300,"20",35,606,0.0577557755775578,0.232,0.225381414701803,0.114,0.0521212121212121,0.60650406504065,0.082,0.50402144772118
"202",13121004400,"20",88,1304,0.0674846625766871,0.334,0.104191616766467,0.102,0.0273715785526809,0.954903364352183,0.077,0.475262368815592
"203",13121004800,"20",33,563,0.0586145648312611,0.468,0.268328445747801,0.075,0.0902127659574468,1,0.209,0.37603305785124
"204",13121004900,"20",44,1108,0.0397111913357401,0.223,0.701744820065431,0.085,0.527342389411355,0.371252204585538,0.029,0.470308788598575
"205",13121005000,"20",87,1414,0.0615275813295615,0.079,0.707362534948742,0.064,0.592097445038621,0.649662415603901,0.004,0.39838337182448
"206",13121005200,"20",23,2108,0.0109108159392789,0.095,0.719140284635492,0.077,0.651409196863742,0.202702702702703,0.013,0.451851851851852
"207",13121005300,"20",5,1675,0.00298507462686567,0.065,0.754336283185841,0.05,0.616806722689076,0.166943062465451,0.018,0.533112582781457
"208",13121005501,"20",13,978,0.0132924335378323,0.418,0.291159343568025,0.118,0.299001996007984,0.662439024390244,0.075,0.424153166421208
"209",13121005700,"20",39,657,0.0593607305936073,0.214,0.229253112033195,0.228,0.0464516129032259,0.850498338870432,0.065,0.44140625
"210",13121005800,"20",20,576,0.0347222222222222,0.141,0.415286624203822,0.16,0.242801047120419,0.446494464944649,0.152,0.528925619834711
"211",13121006000,"20",67,1509,0.0444002650762094,0.192,0.298588984979518,0.176,0.151910828025478,0.548030407740152,0.08,0.549810844892812
"212",13121006100,"20",51,1345,0.0379182156133829,0.343,0.12589928057554,0.252,0.0890180483328235,0.48652585579024,0.183,0.588323353293413
"213",13121006200,"20",28,522,0.053639846743295,0.184,0.433299899699097,0.101,0.10853950518755,0.3984375,0.053,0.545098039215686
"214",13121006300,"20",81,703,0.115220483641536,0.385,0.122077922077922,0.27,0.0859419464997154,0.657303370786517,0.163,0.517094017094017
"215",13121006400,"20",23,384,0.0598958333333333,0.276,0.259154929577465,0.192,0.264966740576497,0.55609756097561,0.084,0.469298245614035
"216",13121006500,"20",36,1449,0.0248447204968944,0.323,0.276595744680851,0.152,0.211793345956181,0.38347718865598,0.054,0.659163987138264
"217",13121006601,"20",16,699,0.0228898426323319,0.305,0.301628106255356,0.185,0.192723697148476,0.37741456166419,0.119,0.653543307086614
"218",13121006602,"20",48,465,0.103225806451613,0.349,0.11460258780037,0.233,0.0466666666666666,0.697050938337802,0.151,0.615384615384615
"219",13121006802,"20",12,533,0.0225140712945591,0.781,0.0695410292072323,0.089,0.00939306358381498,0.876208897485493,0.097,0.644591611479029
"220",13121006900,"20",36,1384,0.0260115606936416,0.183,0.447218572054314,0.145,0.40744709349049,0.40674318507891,0.091,0.416225749559083
"221",13121007001,"20",83,1439,0.0576789437109104,0.331,0.113949716139497,0.125,0.0581997533908755,0.625954198473282,0.11,0.676274944567627
"222",13121007002,"20",71,969,0.0732714138286894,0.215,0.159979423868313,0.216,0.0602577499129223,0.517825311942959,0.158,0.576592082616179
"223",13121007100,"20",30,891,0.0336700336700337,0.281,0.163874726875455,0.157,0.0326422584913983,0.535974973931178,0.238,0.638132295719844
"224",13121007200,"20",36,690,0.0521739130434783,0.376,0.142857142857143,0.139,0.0203252032520326,0.336776859504132,0.172,0.665644171779141
"225",13121007400,"20",123,1246,0.0987158908507223,0.471,0.0319587628865979,0.229,0.0493473416109519,0.848142164781906,0.091,0.438095238095238
"226",13121007500,"20",107,1548,0.0691214470284238,0.312,0.241614553723707,0.198,0.0557006092254134,0.70354302241504,0.092,0.690647482014389
"227",13121007602,"20",110,1026,0.107212475633528,0.185,0.176039119804401,0.168,0.0402771762667822,0.564278704612365,0.083,0.68695652173913
"228",13121007603,"20",194,2214,0.0876242095754291,0.486,0.173747016706444,0.129,0.0185976375973863,0.936031984007996,0.062,0.691404164442072
"229",13121007604,"20",229,1034,0.22147001934236,0.312,0.200508905852417,0.306,0.0106549670949546,0.891231028667791,0.079,0.732261116367077
"230",13121007703,"20",154,1601,0.0961898813241724,0.221,0.206703910614525,0.162,0.0116309123804601,0.491379310344828,0.074,0.690958164642375
"231",13121007705,"20",106,1772,0.0598194130925508,0.208,0.210276679841897,0.113,0.0105820105820106,0.737364620938628,0.126,0.63953488372093
"232",13121007805,"20",260,1317,0.197418375094913,0.097,0.271076079506511,0.352,0.0195767195767196,0.820412716118238,0.062,0.267845003399048
"233",13121007806,"20",190,2412,0.0787728026533997,0.109,0.23890462700661,0.089,0.0105751391465677,0.535286284953395,0.153,0.519900497512438
"234",13121007807,"20",65,1049,0.0619637750238322,0.227,0.0870967741935484,0.15,0.0179457808323787,0.602109300095877,0.248,0.474522292993631
"235",13121007808,"20",108,1431,0.0754716981132075,0.709,0.0609339407744875,0.13,0.00826887169911972,0.89469387755102,0.201,0.572080291970803
"236",13121007900,"20",42,2364,0.0177664974619289,0.063,0.455271034253409,0.077,0.0213143872113677,0.198183971575207,0.012,0.396414342629482
"237",13121008000,"20",65,1941,0.0334878928387429,0.166,0.234288864388093,0.148,0.057791095890411,0.37956204379562,0.124,0.75
"238",13121008202,"20",39,768,0.05078125,0.487,0.100389105058366,0.181,0.0157557853274249,0.602491506228766,0.084,0.851503759398496
"239",13121008301,"20",78,883,0.0883352208380521,0.265,0.0392017106200998,0.209,0.0380348652931854,0.552502453385672,0.228,0.733570159857904
"240",13121008302,"20",42,784,0.0535714285714286,0.393,0.207126948775056,0.157,0.0289680144840072,0.482758620689655,0.082,0.597402597402597
"241",13121008400,"20",142,1187,0.119629317607414,0.455,0.404783808647654,0.151,0.0523560209424084,0.443985849056604,0.13,0.50332005312085
"242",13121008500,"20",46,981,0.0468909276248726,0.323,0.163698049194232,0.115,0.0823278921220724,0.603153745072273,0.2,0.564270152505447
"243",13121008601,"20",92,1712,0.0537383177570093,0.332,0.118674918092465,0.145,0.0296414980973363,0.739718896408121,0.244,0.60661505981703
"244",13121008602,"20",40,602,0.0664451827242525,0.227,0.238379022646007,0.117,0.0431705590941259,0.670796460176991,0.057,0.889182058047493
"245",13121008903,"20",103,876,0.117579908675799,0.143,0.474899598393574,0.223,0.247622984704423,0.609778597785978,0.03,0.37821482602118
"246",13121009501,"20",27,1733,0.0155799192152337,0.039,0.895820714718353,0,0.893013100436681,0.177496991576414,0.012,0.355932203389831
"247",13121009601,"20",78,1407,0.0554371002132196,0.052,0.656631097560976,0.026,0.636790869419268,0.691394658753709,0,0.224034334763948
"248",13121009700,"20",59,1422,0.0414908579465541,0.017,0.867040244523688,0.026,0.767903930131004,0.0636982065553494,0.043,0.271844660194175
"249",13121009802,"20",4,1835,0.00217983651226158,0.026,0.835018382352941,0.016,0.788637457871931,0.411965811965812,0.022,0.434301521438451
"250",13121009900,"20",22,2130,0.0103286384976526,0.034,0.859009628610729,0.029,0.846614630604465,0.277242777496199,0.043,0.23217550274223
"251",13121010106,"20",111,1958,0.0566905005107252,0.056,0.559256390395043,0.055,0.589719626168224,0.443773998902907,0.041,0.405438813349815
"252",13121010107,"20",1,742,0.00134770889487871,0.023,0.804586241276172,0.033,0.857450242065627,0.00806451612903226,0.052,0
"253",13121010108,"20",22,1620,0.0135802469135802,0.025,0.720230190349712,0.004,0.758322744599746,0.240700218818381,0.005,0.629545454545455
"254",13121010115,"20",28,1205,0.0232365145228216,0.034,0.713104325699746,0.044,0.726135144797998,0.41637323943662,0.014,0.295983086680761
"255",13121010117,"20",209,1962,0.106523955147808,0.064,0.516048004465532,0.211,0.328436516264428,0.779852366478506,0.038,0.420935412026726
"256",13121010120,"20",77,1122,0.0686274509803922,0.083,0.618686868686869,0.109,0.537319422150883,0.515441176470588,0.021,0.293865905848787
"257",13121010121,"20",10,1183,0.0084530853761623,0.043,0.728571428571429,0.014,0.688641779189833,0.239808153477218,0.008,0.37
"258",13121010204,"20",1,1872,0.000534188034188034,0.026,0.832607835377918,0.032,0.862898494034813,0.0254281266216917,0.015,0.448979591836735
"259",13121010211,"20",55,1119,0.0491510277033065,0.028,0.849885844748858,0.018,0.802846131040617,0.251219512195122,0.016,0.271844660194175
"260",13121010212,"20",92,1960,0.0469387755102041,0.212,0.540478248343417,0.242,0.382739536492563,0.530323757409941,0.1,0.604471195184867
"261",13121010508,"20",57,1160,0.0491379310344828,0.052,0.309657860545691,0.122,0.0211342964151953,0.196029776674938,0.032,0.413502109704641
"262",13121010601,"20",85,1581,0.0537634408602151,0.337,0.382162661737523,0.113,0.286879895561358,0.644859813084112,0.043,0.288949275362319
"263",13121010603,"20",407,1517,0.268292682926829,0.213,0.118236472945892,0.158,0.0392383150605886,0.829816201497617,0.036,0.517637407711239
"264",13121010604,"20",451,1301,0.346656418139892,0.301,0.134722222222222,0.136,0.0296559905100831,0.72568578553616,0.245,0.836197021764032
"265",13121011000,"20",63,969,0.065015479876161,0.391,0.32093316519546,0.251,0.0706645056726094,0.598409542743539,0.201,0.45514950166113
"266",13121011100,"20",21,1148,0.0182926829268293,0.121,0.544098573281453,0.175,0.339540412044374,0.376689189189189,0.078,0.502242152466368
"267",13121011202,"20",140,1583,0.0884396715097915,0.203,0.425866380850304,0.146,0.202645820805773,0.485729671513193,0.101,0.462305986696231
"268",13121011301,"20",51,1636,0.0311735941320293,0.198,0.372348207754206,0.089,0.101153504880213,0.206534422403734,0.095,0.494350282485876
"269",13121011306,"20",515,998,0.516032064128257,0.206,0.114624505928854,0.144,0.0163156333432216,0.64100185528757,0.064,0.600578871201158
"270",13121011416,"20",6,2017,0.0029747149231532,0.041,0.735445836403832,0.087,0.731468282252316,0.0922453117080588,0.02,0.43956043956044
"271",13121011417,"20",4,2283,0.0017520805957074,0.036,0.602225886232481,0.046,0.78455522971652,0.23463687150838,0.022,0.663003663003663
"272",13121011419,"20",3,2427,0.00123609394313968,0.047,0.746495327102804,0.044,0.805795101759227,0.131618759455371,0.023,0.531609195402299
"273",13121011421,"20",119,1616,0.0736386138613861,0.18,0.367534003548196,0.176,0.330536486142893,0.66154690071311,0.062,0.62106135986733
"274",13121011422,"20",87,1602,0.0543071161048689,0.039,0.639125151883354,0.095,0.692738921516284,0.365089121081746,0.1,0.18013468013468
"275",13121011423,"20",16,1734,0.00922722029988466,0.051,0.815151515151515,0.019,0.765681983953319,0.185417672621922,0.036,0.7109375
"276",13121011424,"20",8,2078,0.00384985563041386,0.017,0.621629809148743,0.033,0.641214351425943,0.161602818141788,0.023,0.220708446866485
"277",13121011426,"20",4,771,0.00518806744487678,0.018,0.563164893617021,0.085,0.604029605263158,0.151479289940828,0.06,0.328125
"278",13121011612,"20",5,1233,0.0040551500405515,0.031,0.436387320885801,0.039,0.620450606585789,0.0251968503937008,0.118,0
"279",13121011618,"20",20,1602,0.0124843945068664,0.164,0.769277290595706,0.021,0.491284699806327,0.339063426200356,0.138,0.59965034965035
"280",13121011624,"20",3,1205,0.0024896265560166,0.019,0.723052079127977,0.029,0.579576587795766,0.00772532188841202,0.028,0
"281",13121012000,"20",94,1383,0.0679681851048445,0.498,0.23116169544741,0.283,0.0768779342723005,0.846525679758308,0.072,0.697359029264811
"282",13121012300,"20",52,1058,0.0491493383742911,0.121,0.456575682382134,0.053,0.25891249549874,0.662430500397141,0.19,0.376498800959233
"283",13135050105,"20",38,1545,0.0245954692556634,0.257,0.168578380257212,0.256,0.439115773698014,0.431076178960097,0.062,0.525946704067321
"284",13135050205,"20",103,1698,0.0606595995288575,0.138,0.356577459479834,0.278,0.380822540331743,0.545821325648415,0.018,0.395987328405491
"285",13135050215,"20",113,1149,0.0983463881636205,0.098,0.50250501002004,0.097,0.174787052810903,0.775330396475771,0.035,0.425
"286",13135050218,"20",19,1314,0.0144596651445967,0.141,0.276881720430108,0.244,0.346261495401839,0.385430463576159,0.035,0.579037800687285
"287",13135050219,"20",30,1435,0.0209059233449477,0.095,0.514173228346457,0.137,0.345485137408861,0.387547649301144,0.089,0.350819672131148
"288",13135050306,"20",92,1004,0.0916334661354582,0.11,0.239004149377593,0.375,0.165544462502902,0.4740545294635,0.028,0.545454545454545
"289",13135050308,"20",2,1294,0.00154559505409583,0.029,0.657976137870084,0.018,0.715789473684211,0.0325,0.048,0.435897435897436
"290",13135050311,"20",20,1080,0.0185185185185185,0.044,0.625736293611237,0.085,0.531198233020431,0.203136669156087,0.042,0.386029411764706
"291",13135050315,"20",464,2436,0.19047619047619,0.145,0.339673913043478,0.223,0.317490494296578,0.75381679389313,0.043,0.567594936708861
"292",13135050317,"20",285,1860,0.153225806451613,0.146,0.248412401942473,0.226,0.19856336582863,0.927302996670366,0.005,0.543387193297427
"293",13135050318,"20",118,1189,0.0992430613961312,0.14,0.237931034482759,0.165,0.165256797583082,0.813531353135314,0.089,0.50709939148073
"294",13135050415,"20",33,1465,0.0225255972696246,0.117,0.395039858281665,0.087,0.329042457091238,0.149645390070922,0.014,0.4739336492891
"295",13135050416,"20",52,1178,0.0441426146010187,0.051,0.294842537654039,0.136,0.197913950456323,0.391941391941392,0.047,0.348130841121495
"296",13135050425,"20",8,1810,0.00441988950276243,0.044,0.512035010940919,0.101,0.510882206346569,0.0488559059987631,0.049,0.481012658227848
"297",13135050427,"20",30,1982,0.0151362260343088,0.062,0.368716652625667,0.094,0.491740787801779,0.110244409776391,0.025,0.443396226415094
"298",13135050430,"20",96,2011,0.0477374440576827,0.088,0.37914691943128,0.148,0.421891604675877,0.356269113149847,0.012,0.547925608011445
"299",13135050433,"20",136,943,0.144220572640509,0.117,0.269786250722126,0.284,0.217374366965329,0.571280991735537,0.056,0.537070524412297
"300",13135050435,"20",48,1106,0.0433996383363472,0.136,0.164577656675749,0.355,0.215853112404837,0.571296296296296,0.125,0.53484602917342
"301",13135050520,"20",144,1988,0.0724346076458753,0.167,0.205779770802192,0.209,0.314519268197742,0.75022143489814,0.059,0.461038961038961
"302",13135050521,"20",70,1997,0.0350525788683025,0.135,0.184607770353873,0.181,0.360927152317881,0.422563087580406,0.073,0.618266978922717
"303",13135050522,"20",45,1784,0.0252242152466368,0.296,0.128535624776226,0.235,0.350525889967638,0.565501165501165,0.095,0.511953833470734
"304",13135050526,"20",176,1734,0.101499423298731,0.182,0.3237456056248,0.218,0.174449010085917,0.491203043271517,0.037,0.589545014520813
"305",13135050528,"20",13,1585,0.0082018927444795,0.076,0.511790714812085,0.078,0.516651162790698,0.0678796361091673,0.045,0.288659793814433
"306",13135050529,"20",18,1450,0.0124137931034483,0.089,0.427882683808759,0.147,0.396916705016107,0.284164859002169,0.047,0.32824427480916
"307",13135050530,"20",7,1960,0.00357142857142857,0.05,0.384286477819348,0.093,0.365527488855869,0.189345991561181,0.058,0.217270194986072
"308",13135050536,"20",128,1731,0.073945696129405,0.063,0.211962833914053,0.178,0.237885462555066,0.382404692082111,0.03,0.561349693251534
"309",13135050537,"20",267,1671,0.159784560143627,0.208,0.190890269151139,0.28,0.182029711831036,0.911424903722721,0.021,0.614788732394366
"310",13135050539,"20",170,1846,0.0920910075839653,0.176,0.17390062821245,0.306,0.162220381110191,0.54664570230608,0.038,0.665388302972196
"311",13135050541,"20",404,1797,0.224819143016138,0.145,0.233582709891937,0.233,0.160468461064311,0.990995260663507,0.038,0.501195600191296
"312",13135050542,"20",223,2300,0.0969565217391304,0.259,0.198390677025527,0.194,0.139023481177786,0.89349871685201,0.027,0.564863571086644
"313",13135050549,"20",23,1650,0.0139393939393939,0.083,0.345283573317661,0.142,0.421923676012461,0.15319781854239,0.054,0.867313915857605
"314",13135050715,"20",21,1749,0.0120068610634648,0.207,0.372586872586873,0.105,0.438438438438438,0.142857142857143,0.022,0.430278884462151
"315",13135050719,"20",95,1900,0.05,0.108,0.231505657093124,0.098,0.233696536022117,0.469264544456641,0.05,0.631578947368421
"316",13135050722,"20",18,1095,0.0164383561643836,0.053,0.307955517536356,0.193,0.205627057767136,0.142480211081794,0.046,0.5
"317",13135050725,"20",56,1915,0.029242819843342,0.057,0.245371513206616,0.182,0.218155433731055,0.1831815747188,0.016,0.578947368421053
"318",13135050729,"20",103,1209,0.0851943755169562,0.101,0.28270929743374,0.237,0.257430997876858,0.411119812059514,0.045,0.504761904761905
